PeerTutor - Student-to-Student Tutoring Marketplace_records,,,,,,,,,
record_id,full_name,student_id,user-role,subject,application_date,application_status,account_status,admin_action,priority
PT001,Mina,68012345,Student,Information Technology,2026-06-20,Not Applicable,Active,User Registered,Medium
PT002,John,65012346,Tutor,Programming,2026-07-01,Pending,Active,Waiting for Review,High
PT003,Sarah,65012347,Tutor,Database Systems,2026-07-01,Approved,Active,Approved by Admin,High
PT004,Alex,67012348,Student,Computer Science,2026-06-23,Not Applicable,Active,User Registered,Medium
PT005,David,65012349,Tutor,Mathematics,2026-07-02,Rejected,Suspended,Application Rejected,Low
PT006,Emily,68012350,Student,Business Information Systems,2026-06-25,Not Applicable,Active,User Registered,Medium
PT007,Kevin,65012351,Tutor,Web Development,2026-07-03,Approved,Active,Approved by Admin,High
PT008,Jessica,64012352,Tutor,Computer Networks,2026-07-04,Pending,Active,Waiting for Review,High
